Илья,850648902,/hello
Илья,850648902,/hello
Илья,850648902,/hello
Илья,850648902,/hello
Илья,850648902,/hello
Илья,850648902,/hello
Илья,850648902,/hello
Илья,850648902,/hello
Илья,850648902,/hello
Илья,850648902,/hello
Илья,850648902,/hello
Илья,850648902,/hello
Ирина,455195876,/hello
Ирина,455195876,/hello
Ирина,455195876,/hello
Ирина,455195876,/hello
Илья,850648902,/hello
Илья,850648902,/hello
Илья,850648902,/hello
Ирина,455195876,/hello
Ирина,455195876,/hello
Ирина,455195876,/hello
Ирина,455195876,/hello
Ирина,455195876,/hello
Ирина,455195876,/hello
